"Press Start 2P";6;False;False;1;0;1;1
32;2;2;8;10;8;0
33;172;130;3;7;8;2
34;219;130;5;3;8;1
35;74;93;7;7;8;0
36;191;102;7;7;8;0
37;47;84;7;7;8;0
38;200;84;7;7;8;0
39;7;140;2;3;8;2
40;134;130;4;7;8;2
41;122;130;4;7;8;1
42;26;120;7;6;8;0
43;58;120;6;6;8;1
44;167;130;3;8;8;1
45;154;130;6;4;8;1
46;226;130;2;7;8;2
47;20;93;7;7;8;0
48;200;93;7;7;8;0
49;131;111;6;7;8;1
50;128;84;7;7;8;0
51;29;93;7;7;8;0
52;2;84;7;7;8;0
53;245;84;7;7;8;0
54;155;93;7;7;8;0
55;11;111;7;7;8;0
56;200;74;7;7;8;0
57;11;93;7;7;8;0
58;238;130;2;6;8;2
59;182;130;3;7;8;1
60;117;120;5;7;8;1
61;152;120;7;5;8;0
62;210;120;5;7;8;1
63;20;102;7;7;8;0
64;83;102;7;7;8;0
65;128;93;7;7;8;0
66;56;93;7;7;8;0
67;47;111;7;7;8;0
68;209;84;7;7;8;0
69;65;84;7;7;8;0
70;29;102;7;7;8;0
71;47;93;7;7;8;0
72;164;102;7;7;8;0
73;236;111;6;7;8;1
74;173;74;7;7;8;0
75;137;102;7;7;8;0
76;114;111;6;7;8;1
77;191;74;7;7;8;0
78;173;84;7;7;8;0
79;65;102;7;7;8;0
80;164;84;7;7;8;0
81;236;93;7;7;8;0
82;65;93;7;7;8;0
83;146;74;7;7;8;0
84;179;111;6;7;8;1
85;146;102;7;7;8;0
86;2;102;7;7;8;0
87;155;84;7;7;8;0
88;155;102;7;7;8;0
89;171;111;6;7;8;1
90;227;102;7;7;8;0
91;128;130;4;7;8;2
92;182;102;7;7;8;0
93;110;130;4;7;8;1
94;242;130;5;2;8;1
95;11;14;7;8;8;0
96;29;140;2;2;8;3
97;101;102;7;7;8;0
98;128;74;7;7;8;0
99;137;93;7;7;8;0
100;218;93;7;7;8;0
101;218;84;7;7;8;0
102;35;120;6;7;8;1
103;2;54;7;8;8;0
104;56;111;7;7;8;0
105;82;111;6;7;8;1
106;51;120;5;8;8;1
107;245;102;7;7;8;0
108;10;120;6;7;8;1
109;227;74;7;7;8;0
110;38;84;7;7;8;0
111;65;111;7;7;8;0
112;74;24;7;8;8;0
113;191;24;7;8;8;0
114;244;111;6;7;8;1
115;110;84;7;7;8;0
116;147;111;6;7;8;1
117;182;93;7;7;8;0
118;155;111;6;7;8;1
119;38;102;7;7;8;0
120;191;84;7;7;8;0
121;11;74;7;8;8;0
122;191;93;7;7;8;0
123;116;130;4;7;8;2
124;234;130;2;7;8;3
125;140;130;4;7;8;1
126;86;130;7;5;8;0
127;23;130;5;7;8;1
128;189;120;5;7;8;1
129;175;120;5;7;8;1
130;51;130;5;7;8;1
131;96;120;5;7;8;1
132;16;130;5;7;8;1
133;138;120;5;7;8;1
134;82;120;5;7;8;1
135;89;120;5;7;8;1
136;245;120;5;7;8;1
137;44;130;5;7;8;1
138;203;120;5;7;8;1
139;9;130;5;7;8;1
140;65;130;5;7;8;1
141;110;120;5;7;8;1
142;182;120;5;7;8;1
143;103;120;5;7;8;1
144;196;120;5;7;8;1
145;217;120;5;7;8;1
146;58;130;5;7;8;1
147;79;130;5;7;8;1
148;238;120;5;7;8;1
149;161;120;5;7;8;1
150;30;130;5;7;8;1
151;72;130;5;7;8;1
152;168;120;5;7;8;1
153;37;130;5;7;8;1
154;224;120;5;7;8;1
155;131;120;5;7;8;1
156;2;130;5;7;8;1
157;231;120;5;7;8;1
158;145;120;5;7;8;1
159;124;120;5;7;8;1
160;33;140;0;0;0;0
161;177;130;3;7;8;2
162;92;93;7;7;8;0
163;110;93;7;7;8;0
164;74;120;6;6;8;1
165;228;111;6;7;8;1
166;230;130;2;7;8;3
167;90;111;6;7;8;1
168;11;140;5;1;8;1
169;12;2;8;8;8;0
170;194;130;5;4;8;1
171;195;111;7;6;8;0
172;102;130;6;5;8;1
173;146;130;6;4;8;1
174;22;2;8;8;8;0
175;18;140;5;1;8;1
176;2;140;3;3;8;2
177;220;111;6;7;8;1
178;207;130;4;4;8;2
179;201;130;4;4;8;2
180;25;140;2;2;8;3
181;146;64;7;8;8;0
182;139;111;6;7;8;1
183;249;130;2;5;8;2
184;162;130;3;8;8;2
185;213;130;4;4;8;2
186;187;130;5;4;8;1
187;122;111;7;6;8;0
188;218;102;7;7;8;0
189;218;74;7;7;8;0
190;20;84;7;7;8;0
191;137;74;7;7;8;0
192;200;102;7;7;8;0
193;20;111;7;7;8;0
194;38;93;7;7;8;0
195;227;93;7;7;8;0
196;209;74;7;7;8;0
197;236;102;7;7;8;0
198;83;93;7;7;8;0
199;65;24;7;8;8;0
200;119;74;7;7;8;0
201;245;93;7;7;8;0
202;182;74;7;7;8;0
203;164;74;7;7;8;0
204;2;120;6;7;8;1
205;18;120;6;7;8;1
206;98;111;6;7;8;1
207;43;120;6;7;8;1
208;11;84;7;7;8;0
209;92;84;7;7;8;0
210;101;93;7;7;8;0
211;146;93;7;7;8;0
212;245;74;7;7;8;0
213;2;111;7;7;8;0
214;209;93;7;7;8;0
215;95;130;5;6;8;1
216;29;111;7;7;8;0
217;38;111;7;7;8;0
218;236;74;7;7;8;0
219;110;102;7;7;8;0
220;47;102;7;7;8;0
221;187;111;6;7;8;1
222;146;84;7;7;8;0
223;212;111;6;7;8;1
224;101;84;7;7;8;0
225;173;93;7;7;8;0
226;74;84;7;7;8;0
227;155;74;7;7;8;0
228;128;102;7;7;8;0
229;182;84;7;7;8;0
230;92;102;7;7;8;0
231;2;24;7;8;8;0
232;164;93;7;7;8;0
233;137;84;7;7;8;0
234;56;84;7;7;8;0
235;236;84;7;7;8;0
236;204;111;6;7;8;1
237;163;111;6;7;8;1
238;74;111;6;7;8;1
239;106;111;6;7;8;1
240;119;84;7;7;8;0
241;227;84;7;7;8;0
242;11;102;7;7;8;0
243;119;102;7;7;8;0
244;173;102;7;7;8;0
245;29;84;7;7;8;0
246;209;102;7;7;8;0
247;66;120;6;6;8;1
248;2;93;7;7;8;0
249;119;93;7;7;8;0
250;56;102;7;7;8;0
251;83;84;7;7;8;0
252;74;102;7;7;8;0
253;209;24;7;8;8;0
254;74;74;7;8;8;0
255;83;74;7;8;8;0
12288;137;14;7;8;8;0
12354;38;34;7;8;8;0
12356;182;34;7;8;8;0
12358;11;64;7;8;8;0
12360;101;54;7;8;8;0
12362;11;44;7;8;8;0
12363;128;24;7;8;8;0
12364;200;54;7;8;8;0
12365;245;44;7;8;8;0
12366;47;24;7;8;8;0
12367;119;64;7;8;8;0
12368;11;24;7;8;8;0
12369;20;14;7;8;8;0
12370;95;2;7;8;8;0
12371;245;24;7;8;8;0
12372;47;34;7;8;8;0
12373;29;64;7;8;8;0
12375;164;44;7;8;8;0
12376;218;24;7;8;8;0
12377;29;34;7;8;8;0
12378;164;34;7;8;8;0
12379;50;2;7;8;8;0
12380;110;34;7;8;8;0
12381;128;44;7;8;8;0
12382;191;44;7;8;8;0
12383;209;64;7;8;8;0
12384;209;54;7;8;8;0
12385;146;14;7;8;8;0
12387;173;54;7;8;8;0
12388;47;74;7;8;8;0
12389;221;2;7;8;8;0
12390;128;54;7;8;8;0
12391;56;74;7;8;8;0
12392;137;44;7;8;8;0
12393;110;24;7;8;8;0
12394;83;14;7;8;8;0
12395;158;2;7;8;8;0
12397;68;2;7;8;8;0
12398;2;14;7;8;8;0
12399;65;34;7;8;8;0
12400;56;54;7;8;8;0
12401;29;14;7;8;8;0
12402;74;54;7;8;8;0
12403;218;44;7;8;8;0
12405;164;24;7;8;8;0
12406;200;64;7;8;8;0
12408;173;24;7;8;8;0
12409;182;64;7;8;8;0
12411;155;34;7;8;8;0
12412;212;2;7;8;8;0
12413;155;54;7;8;8;0
12414;236;24;7;8;8;0
12415;182;14;7;8;8;0
12416;56;34;7;8;8;0
12417;101;14;7;8;8;0
12418;119;34;7;8;8;0
12419;101;64;7;8;8;0
12420;155;64;7;8;8;0
12421;32;2;7;8;8;0
12422;164;54;7;8;8;0
12423;227;64;7;8;8;0
12424;203;2;7;8;8;0
12425;38;54;7;8;8;0
12426;239;2;7;8;8;0
12427;137;24;7;8;8;0
12428;218;14;7;8;8;0
12429;65;14;7;8;8;0
12431;56;24;7;8;8;0
12434;65;44;7;8;8;0
12435;2;44;7;8;8;0
12450;200;24;7;8;8;0
12451;2;34;7;8;8;0
12452;227;44;7;8;8;0
12454;101;24;7;8;8;0
12455;56;14;7;8;8;0
12456;182;44;7;8;8;0
12457;218;34;7;8;8;0
12458;2;74;7;8;8;0
12459;83;44;7;8;8;0
12460;41;2;7;8;8;0
12461;140;2;7;8;8;0
12463;137;34;7;8;8;0
12464;194;2;7;8;8;0
12465;29;54;7;8;8;0
12466;38;24;7;8;8;0
12467;146;24;7;8;8;0
12468;38;14;7;8;8;0
12469;83;64;7;8;8;0
12470;11;34;7;8;8;0
12471;110;74;7;8;8;0
12472;104;2;7;8;8;0
12473;92;34;7;8;8;0
12474;131;2;7;8;8;0
12475;137;64;7;8;8;0
12477;155;44;7;8;8;0
12479;230;2;7;8;8;0
12480;101;34;7;8;8;0
12481;83;24;7;8;8;0
12483;92;74;7;8;8;0
12484;86;2;7;8;8;0
12486;164;64;7;8;8;0
12487;149;2;7;8;8;0
12488;236;44;7;8;8;0
12489;200;34;7;8;8;0
12490;227;34;7;8;8;0
12491;182;54;7;8;8;0
12493;218;54;7;8;8;0
12494;110;14;7;8;8;0
12495;65;74;7;8;8;0
12496;227;24;7;8;8;0
12497;146;44;7;8;8;0
12499;191;34;7;8;8;0
12500;236;14;7;8;8;0
12501;38;74;7;8;8;0
12502;155;24;7;8;8;0
12503;20;24;7;8;8;0
12504;29;74;7;8;8;0
12505;128;14;7;8;8;0
12506;119;54;7;8;8;0
12507;92;14;7;8;8;0
12508;56;64;7;8;8;0
12509;38;44;7;8;8;0
12510;110;44;7;8;8;0
12511;227;14;7;8;8;0
12512;236;64;7;8;8;0
12513;20;34;7;8;8;0
12514;92;44;7;8;8;0
12515;167;2;7;8;8;0
12516;245;64;7;8;8;0
12517;2;64;7;8;8;0
12519;29;44;7;8;8;0
12520;245;34;7;8;8;0
12521;146;34;7;8;8;0
12522;245;54;7;8;8;0
12523;155;14;7;8;8;0
12524;92;64;7;8;8;0
12525;236;54;7;8;8;0
12527;164;14;7;8;8;0
12530;137;54;7;8;8;0
12531;47;14;7;8;8;0
12540;74;44;7;8;8;0
19981;173;64;7;8;8;0
19982;173;44;7;8;8;0
20184;47;64;7;8;8;0
20307;47;54;7;8;8;0
20805;218;64;7;8;8;0
20877;20;54;7;8;8;0
21021;83;54;7;8;8;0
21205;20;74;7;8;8;0
21454;92;24;7;8;8;0
21463;65;64;7;8;8;0
21560;77;2;7;8;8;0
21608;191;64;7;8;8;0
21629;101;44;7;8;8;0
22132;74;14;7;8;8;0
22238;227;54;7;8;8;0
22730;74;34;7;8;8;0
22810;209;44;7;8;8;0
23433;92;54;7;8;8;0
23450;209;14;7;8;8;0
23492;236;34;7;8;8;0
23556;173;14;7;8;8;0
23569;59;2;7;8;8;0
24215;245;14;7;8;8;0
24230;47;44;7;8;8;0
24489;173;34;7;8;8;0
25246;74;64;7;8;8;0
25973;182;24;7;8;8;0
26178;119;14;7;8;8;0
26410;191;14;7;8;8;0
26469;110;54;7;8;8;0
27515;122;2;7;8;8;0
27671;56;44;7;8;8;0
28814;200;44;7;8;8;0
28961;200;14;7;8;8;0
29087;38;64;7;8;8;0
29190;83;34;7;8;8;0
29983;119;44;7;8;8;0
29992;110;64;7;8;8;0
30330;20;44;7;8;8;0
32930;185;2;7;8;8;0
36074;209;34;7;8;8;0
36339;65;54;7;8;8;0
36367;20;64;7;8;8;0
36933;191;54;7;8;8;0
36984;176;2;7;8;8;0
38263;113;2;7;8;8;0
38291;119;24;7;8;8;0
38651;101;74;7;8;8;0
39135;11;54;7;8;8;0
65281;128;64;7;8;8;0
65288;128;34;7;8;8;0
65289;29;24;7;8;8;0
65311;146;54;7;8;8;0
